Model,Accuracy,ROC AUC
Logistic Regression,0.8045486851457001,0.8430548581308789
Random Forest,0.7874911158493249,0.8255185819817673
Decision Tree,0.7292110874200426,0.652069927680656
